Country Name,Country Code,Atributo,PIB_Educacion,Graduados_Universidad
Aruba,ABW,1999,4.395540237,194
Aruba,ABW,2000,4.714680195,274
Aruba,ABW,2001,4.739490032,288
Aruba,ABW,2002,4.924270153,257
Aruba,ABW,2004,4.408899784,220
Aruba,ABW,2005,4.680759907,245
Aruba,ABW,2007,4.799180031,300
Aruba,ABW,2008,4.915589809,286
Aruba,ABW,2009,5.924670219,285
Aruba,ABW,2010,6.712490082,258
Aruba,ABW,2011,6.036870003,351
Aruba,ABW,2012,6.549059868,437
Aruba,ABW,2014,6.162930012,223
Aruba,ABW,2015,6.479060173,142
Albania,ALB,1994,3.265189886,3930
Albania,ALB,1995,3.764709949,3963
Albania,ALB,1997,3.234280109,3845
Albania,ALB,1998,3.326420069,3861
Albania,ALB,1999,3.379709959,3997
Albania,ALB,2000,3.286920071,4735
Albania,ALB,2001,3.340600014,4618
Albania,ALB,2002,3.05663991,5016
Albania,ALB,2003,3.06427002,5202
Albania,ALB,2004,3.170079947,5844
Albania,ALB,2005,3.23871994,5778
Albania,ALB,2006,3.157190084,7724
Albania,ALB,2007,3.268680096,9767
Albania,ALB,2013,3.539299965,30365
Albania,ALB,2015,3.453639984,33529
Andorra,AND,2002,1.681529999,29
Andorra,AND,2004,1.522690058,45
Andorra,AND,2005,1.596529961,63
Andorra,AND,2006,2.189889908,42
Andorra,AND,2008,2.930069923,42
Andorra,AND,2013,2.438070059,84
Andorra,AND,2014,2.997809887,72
Andorra,AND,2015,3.253679991,47
Andorra,AND,2016,3.278110027,80
Argentina,ARG,1970,1.458089948,23991
Argentina,ARG,1975,1.843600035,33321
Argentina,ARG,1978,1.935549974,50307
Argentina,ARG,1979,2.400279999,36621
Argentina,ARG,1998,4.039869785,111760
Argentina,ARG,1999,4.521679878,136678
Argentina,ARG,2001,4.833740234,140099
Argentina,ARG,2006,4.128210068,223116
Argentina,ARG,2007,4.462600231,236060
Argentina,ARG,2008,4.844409943,235861
Argentina,ARG,2009,5.531050205,207575
Argentina,ARG,2010,5.019710064,208964
Argentina,ARG,2011,5.290629864,222000
Argentina,ARG,2012,5.345829964,269410
Argentina,ARG,2013,5.436610222,225285
Argentina,ARG,2014,5.361440182,228199
Argentina,ARG,2015,5.87526989,235555
Armenia,ARM,2001,2.469439983,18185
Armenia,ARM,2002,2.135040045,19389
Armenia,ARM,2003,2.145040035,20719
Armenia,ARM,2004,2.486730099,21509
Armenia,ARM,2005,2.712029934,23023
Armenia,ARM,2006,2.715770006,23741
Armenia,ARM,2007,3.018939972,26023
Armenia,ARM,2008,3.172729969,28135
Armenia,ARM,2009,3.840790033,37312
Armenia,ARM,2010,3.249000072,35002
Armenia,ARM,2011,3.143850088,37466
Armenia,ARM,2012,2.772480011,37815
Armenia,ARM,2013,2.650180101,38082
Armenia,ARM,2014,2.247240067,36335
Armenia,ARM,2015,2.80591011,35128
Armenia,ARM,2016,2.751290083,27574
Antigua y Barbuda,ATG,2009,2.517240047,152
Australia,AUS,1978,6.005410194,66640
Australia,AUS,1979,5.893839836,66040
Australia,AUS,1982,5.474709988,65309
Australia,AUS,1983,5.366909981,34890
Australia,AUS,1985,5.398119926,73563
Australia,AUS,1987,5.063129902,80257
Australia,AUS,1988,4.910109997,86821
Australia,AUS,1989,4.739560127,90482
Australia,AUS,1990,4.665840149,94399
Australia,AUS,1991,4.784800053,113144
Australia,AUS,1992,4.681499958,120583
Australia,AUS,1993,5.502739906,132860
Australia,AUS,1995,5.127500057,134120
Australia,AUS,1996,5.22424984,136756
Australia,AUS,2000,4.888840199,168913
Australia,AUS,2005,4.90778017,269253
Australia,AUS,2006,4.740550041,282854
Australia,AUS,2007,4.657259941,295885
Australia,AUS,2008,4.631869793,306901
Australia,AUS,2009,5.089320183,326787
Australia,AUS,2010,5.565899849,353419
Australia,AUS,2011,5.096749783,386625
,,,,
Australia,AUS,2014,5.192669868,422842
Austria,AUT,1971,4.282350063,6806
Austria,AUT,1973,4.515470028,6398
Austria,AUT,1974,4.655940056,6292
Austria,AUT,1975,5.127960205,6313
Austria,AUT,1976,5.237659931,6862
Austria,AUT,1977,4.95401001,6822
Austria,AUT,1978,5.159790039,7297
Austria,AUT,1979,5.038159847,7618
Austria,AUT,1980,5.008969784,7892
Austria,AUT,1981,5.367809772,8553
Austria,AUT,1982,5.362989902,8921
Austria,AUT,1983,5.303780079,9551
Austria,AUT,1984,5.294469833,9516
Austria,AUT,1985,5.297210217,10070
Austria,AUT,1986,5.499959946,10599
Austria,AUT,1987,5.376110077,14467
Austria,AUT,1988,5.190730095,14051
Austria,AUT,1989,5.01816988,15300
Austria,AUT,1990,4.957250118,14555
Austria,AUT,1991,5.103219986,15793
Austria,AUT,1992,5.296979904,16707
Austria,AUT,1993,5.251999855,17370
Austria,AUT,1995,5.428349972,18687
Austria,AUT,1996,5.259900093,19124
Austria,AUT,2000,5.588809967,24981
Austria,AUT,2001,5.575479984,27099
Austria,AUT,2003,5.361830235,29176
Austria,AUT,2004,5.302430153,30809
Austria,AUT,2005,5.249370098,32925
Austria,AUT,2006,5.226520061,34825
Austria,AUT,2007,5.146900177,36429
Austria,AUT,2008,5.263959885,43645
Austria,AUT,2009,5.730249882,52157
Austria,AUT,2010,5.700479984,70955
Austria,AUT,2011,5.592269897,75221
Austria,AUT,2012,5.480400085,81232
Austria,AUT,2013,5.547110081,85278
Burundi,BDI,1981,3.346760035,433
Burundi,BDI,1990,3.359329939,1008
Burundi,BDI,1991,3.493659973,1008
Burundi,BDI,1992,3.805850029,1453
Burundi,BDI,2001,2.903909922,762
Burundi,BDI,2004,3.74496007,1731
Burundi,BDI,2010,6.792870045,2786
Burundi,BDI,2011,5.99778986,5028
Burundi,BDI,2012,5.820909977,7314
Burundi,BDI,2013,5.414750099,8700
Benin,BEN,1999,2.626650095,1000
Benin,BEN,2009,4.222040176,14638
Benin,BEN,2010,5.029319763,18177
Benin,BEN,2014,4.321129799,5812
Benin,BEN,2015,4.356520176,14877
Burkina Faso,BFA,1980,1.961799979,113
Burkina Faso,BFA,1988,1.426079988,1818
Burkina Faso,BFA,2010,3.938960075,9484
Burkina Faso,BFA,2011,4.483260155,14782
Burkina Faso,BFA,2012,4.053530216,12140
Burkina Faso,BFA,2013,4.593840122,16151
Burkina Faso,BFA,2014,4.559939861,14980
Burkina Faso,BFA,2015,4.166069984,15664
Bangladesh,BGD,1979,1.130929947,18737
Bangladesh,BGD,1980,0.937600017,27100
Bangladesh,BGD,1981,1.071499944,31472
Bangladesh,BGD,1982,1.011639953,37840
Bangladesh,BGD,1983,1.032670021,42337
Bangladesh,BGD,1986,1.343490005,44546
Bangladesh,BGD,1987,1.513640046,69278
Bangladesh,BGD,1999,2.132819891,147972
Bangladesh,BGD,2000,2.125080109,138824
Bangladesh,BGD,2002,2.017149925,187322
Bangladesh,BGD,2003,2.069390059,190030
Bangladesh,BGD,2008,2.05456996,184911
Bangladesh,BGD,2011,2.132699966,302965
Bangladesh,BGD,2012,2.175499916,316024
Bangladesh,BGD,2016,2.500319958,493379
Bulgaria,BGR,1980,3.52947998,27871
Bulgaria,BGR,1990,4.454060078,21955
Bulgaria,BGR,1991,5.429619789,25376
Bulgaria,BGR,1993,4.950489998,31361
Bulgaria,BGR,1994,4.170660019,30690
Bulgaria,BGR,1995,3.44701004,31667
Bulgaria,BGR,1996,2.712039948,30403
Bulgaria,BGR,2001,3.395750046,47504
Bulgaria,BGR,2002,3.394880056,50599
Bulgaria,BGR,2003,4.011769772,47277
Bulgaria,BGR,2004,2.325570107,45957
Bulgaria,BGR,2005,4.115359783,46038
Bulgaria,BGR,2007,3.652970076,45353
Bulgaria,BGR,2008,4.224370003,54910
Bulgaria,BGR,2009,4.285749912,57803
Bulgaria,BGR,2010,3.863460064,60523
Bulgaria,BGR,2011,3.563030005,64043
Bulgaria,BGR,2012,3.502029896,64091
Bulgaria,BGR,2013,4.061970234,66423
Bahrein,BHR,2006,2.874360085,2881
Bahrein,BHR,2014,2.467459917,5466
Bahrein,BHR,2015,2.668080091,5691
Bahrein,BHR,2016,2.664520025,6487
Belice,BLZ,2015,6.712490082,1699
Bermudas,BMU,2005,1.988770008,98
Bermudas,BMU,2009,2.615190029,139
Bermudas,BMU,2010,2.6442101,95
Bermudas,BMU,2014,1.782850027,94
Bermudas,BMU,2015,1.689730048,114
Bermudas,BMU,2017,1.492009997,137
Bolivia,BOL,1998,5.523009777,6861
Bolivia,BOL,2000,5.473420143,20729
Bolivia,BOL,2001,5.899459839,23027
Bolivia,BOL,2002,6.230309963,23198
Bolivia,BOL,2003,6.379039764,26114
Brasil,BRA,1995,4.473169804,254401
Brasil,BRA,1998,4.756659985,290839
Brasil,BRA,1999,3.800620079,320979
Brasil,BRA,2000,3.948920012,347978
Brasil,BRA,2001,3.844680071,422019
Brasil,BRA,2002,3.750370026,497598
Brasil,BRA,2004,3.974489927,662659
Brasil,BRA,2005,4.4790802,757553
Brasil,BRA,2007,4.974259853,820473
Brasil,BRA,2008,5.268839836,917111
Brasil,BRA,2009,5.463550091,1008876
Brasil,BRA,2010,5.648799896,1024743
Brasil,BRA,2011,5.737410069,1072267
Brasil,BRA,2012,5.855100155,1111463
Brasil,BRA,2014,5.948480129,1097494
Barbados,BRB,1999,4.254580021,1608
Barbados,BRB,2001,5.935090065,920
Barbados,BRB,2007,5.184619904,1733
Barbados,BRB,2009,5.313509941,2413
Barbados,BRB,2010,6.097340107,2263
Botswana,BWA,1980,5.46931982,246
Botswana,BWA,1983,5.552269936,269
Botswana,BWA,1984,5.551660061,368
Botswana,BWA,1985,5.650720119,458
Suiza,CHE,1980,4.360300064,8354
Suiza,CHE,1981,4.322100163,8620
Suiza,CHE,1986,4.335649967,8699
Suiza,CHE,1987,4.29061985,10103
Suiza,CHE,1988,4.356999874,10382
Suiza,CHE,1989,4.266739845,11054
Suiza,CHE,1990,4.522940159,11556
Suiza,CHE,1991,4.680630207,11918
Suiza,CHE,1993,5.092060089,12489
Suiza,CHE,1994,5.055300236,12916
Suiza,CHE,1995,5.059430122,40084
Suiza,CHE,1996,5.071919918,38470
Suiza,CHE,1999,4.890230179,53880
Suiza,CHE,2000,4.781400204,55970
Suiza,CHE,2001,4.95980978,55972
Suiza,CHE,2002,5.314290047,57699
Suiza,CHE,2003,5.523759842,57524
Suiza,CHE,2004,5.445730209,60342
Suiza,CHE,2005,5.204100132,63372
Suiza,CHE,2006,4.9615798,68607
Suiza,CHE,2007,4.687379837,75650
Suiza,CHE,2008,4.867990017,67334
Suiza,CHE,2009,5.041180134,80687
Suiza,CHE,2010,4.926050186,84965
Suiza,CHE,2011,4.969860077,78918
Suiza,CHE,2013,5.040480137,81909
Suiza,CHE,2014,5.051229954,85750
Chile,CHL,1974,3.751209974,11128
Chile,CHL,1975,3.5947299,11900
Chile,CHL,1978,3.070450068,17995
Chile,CHL,1979,3.4823699,17643
Chile,CHL,1980,4.21999979,13925
Chile,CHL,1981,4.914299965,20037
Chile,CHL,1993,2.383719921,15414
Chile,CHL,1995,2.564699888,35609
Chile,CHL,1997,3.012459993,41458
Chile,CHL,1998,3.340150118,70327
Chile,CHL,1999,3.729219913,79262
Chile,CHL,2000,3.77583003,53417
Chile,CHL,2003,3.963459969,64364
Chile,CHL,2006,3.021529913,73203
Chile,CHL,2007,3.21378994,87485
Chile,CHL,2008,3.792429924,92230
Chile,CHL,2009,4.230649948,121915
Chile,CHL,2010,4.162089825,120694
Chile,CHL,2014,4.722819805,191141
Chile,CHL,2015,4.903470039,211644
China,CHN,1971,1.388739944,102672
China,CHN,1973,1.650820017,5945
China,CHN,1974,1.761150002,16961
China,CHN,1975,1.708500028,30057
China,CHN,1976,1.816570044,43282
China,CHN,1977,1.749539971,118955
China,CHN,1978,1.958840013,149154
China,CHN,1979,2.14805007,194426
China,CHN,1980,1.911900043,164581
China,CHN,1981,1.948809981,85085
China,CHN,1982,2.034480095,147111
China,CHN,1983,2.076920033,149133
China,CHN,1984,1.998630047,460422
China,CHN,1985,2.008140087,339325
China,CHN,1986,2.061549902,289241
China,CHN,1987,1.804250002,330313
China,CHN,1988,1.764179945,407014
China,CHN,1992,1.65455997,645510
China,CHN,1993,1.657850027,643583
China,CHN,1994,1.985710025,627571
China,CHN,1995,1.841920018,1040135
Colombia,COL,1979,1.754340053,21346
Colombia,COL,1980,1.729120016,26658
Colombia,COL,1981,2.597239971,28573
Colombia,COL,1984,3.004290104,42006
Colombia,COL,1985,2.715270042,48736
Colombia,COL,1989,2.705250025,68443
Colombia,COL,2002,4.268129826,65720
Colombia,COL,2004,4.079349995,82213
Colombia,COL,2005,3.995009899,131844
Colombia,COL,2006,3.893320084,115488
Colombia,COL,2007,4.058700085,105866
Colombia,COL,2008,3.909800053,134923
Colombia,COL,2009,4.747429848,160835
Colombia,COL,2010,4.826159954,190250
Colombia,COL,2011,4.45980978,235203
Colombia,COL,2012,4.385310173,266413
Colombia,COL,2013,4.903240204,344066
Colombia,COL,2014,4.665160179,359607
Colombia,COL,2015,4.500480175,374738
Colombia,COL,2016,4.482960224,417856
Comoras,COM,2013,4.297870159,1277
Cabo Verde,CPV,2016,5.437709808,1383
Costa Rica,CRI,1982,4.885069847,4335
Costa Rica,CRI,1983,3.923340082,4312
Costa Rica,CRI,1989,3.118499994,6799
Costa Rica,CRI,1999,5.416870117,23280
Costa Rica,CRI,2000,4.68696022,26469
Costa Rica,CRI,2001,4.851099968,23345
Costa Rica,CRI,2002,5.173540115,26463
Costa Rica,CRI,2003,5.156360149,25739
Costa Rica,CRI,2004,4.912179947,26472
Costa Rica,CRI,2006,4.639180183,28958
Costa Rica,CRI,2007,4.658899784,30751
Costa Rica,CRI,2008,4.91711998,31847
Costa Rica,CRI,2009,6.046350002,33796
Costa Rica,CRI,2010,6.634449959,38163
Costa Rica,CRI,2011,6.455349922,40310
Costa Rica,CRI,2012,6.68983984,44575
Costa Rica,CRI,2013,6.849339962,44575
Costa Rica,CRI,2014,6.858910084,46341
Costa Rica,CRI,2015,7.074260235,49778
Costa Rica,CRI,2016,7.063389778,49684
Cuba,CUB,1980,8.36909008,15343
Cuba,CUB,1991,7.14496994,35144
Cuba,CUB,1993,7.074769974,37591
,,,,
,,,,
Cuba,CUB,2004,10.26823044,86334
Cuba,CUB,2005,10.55778027,78529
,,,,
Cuba,CUB,2007,11.86820984,97282
Cuba,CUB,2008,14.05908012,103761
Cuba,CUB,2009,13.12485981,143333
Cuba,CUB,2010,12.83730984,148022
Curacao,CUW,2013,4.930950165,201
Chipre,CYP,1975,4.335020065,414
Chipre,CYP,1976,3.819700003,267
Chipre,CYP,1979,3.353130102,382
Chipre,CYP,1980,3.426009893,441
Chipre,CYP,1982,3.731780052,696
Chipre,CYP,1984,3.601910114,623
Chipre,CYP,1985,3.586960077,797
Chipre,CYP,1986,3.488970041,1013
Chipre,CYP,1987,3.448709965,1289
Chipre,CYP,1988,3.375469923,1442
Chipre,CYP,1989,3.376270056,1542
Chipre,CYP,1990,3.339240074,1960
Chipre,CYP,1991,3.5753901,2627
Chipre,CYP,1992,3.780299902,1783
Chipre,CYP,1993,4.09555006,2313
Chipre,CYP,1994,4.159969807,1975
Chipre,CYP,1995,3.781719923,1714
Chipre,CYP,1999,4.719679832,2597
Chipre,CYP,2002,5.486519814,2839
Chipre,CYP,2003,6.656700134,3110
Chipre,CYP,2004,6.081960201,3547
Chipre,CYP,2005,6.196000099,3676
Chipre,CYP,2006,6.227600098,3858
Chipre,CYP,2007,6.25248003,4445
Chipre,CYP,2008,6.724020004,4228
Chipre,CYP,2009,7.20622015,4522
Chipre,CYP,2010,6.580249786,5053
Chipre,CYP,2011,6.562379837,5931
Chipre,CYP,2013,6.431759834,6354
Chipre,CYP,2014,6.124959946,7763
Alemania,DEU,1993,4.41381979,298846
Alemania,DEU,1994,4.334879875,312948
Alemania,DEU,1995,4.420790195,331922
Alemania,DEU,1996,4.48319006,338294
Djibouti,DJI,1999,7.629479885,59
Djibouti,DJI,2001,7.805429935,62
Djibouti,DJI,2002,8.447600365,166
Djibouti,DJI,2003,8.889849663,192
Djibouti,DJI,2005,8.365889549,280
Dinamarca,DNK,1971,6.39357996,10420
Dinamarca,DNK,1973,6.26609993,9241
Dinamarca,DNK,1974,6.581530094,12316
Dinamarca,DNK,1975,6.713129997,13596
Dinamarca,DNK,1977,5.672130108,20959
Dinamarca,DNK,1978,5.753479958,17884
Dinamarca,DNK,1979,5.586480141,18108
Dinamarca,DNK,1980,5.910920143,17883
Dinamarca,DNK,1986,5.83825016,18687
Dinamarca,DNK,1987,6.078080177,18891
Dinamarca,DNK,1988,6.335330009,19031
Dinamarca,DNK,1989,5.838140011,18943
Dinamarca,DNK,1991,5.596759796,20329
Dinamarca,DNK,1993,7.772819996,22840
Dinamarca,DNK,1994,7.471059799,30274
Dinamarca,DNK,1995,7.471030235,32448
Dinamarca,DNK,1996,7.884940147,30243
Dinamarca,DNK,1999,7.931159973,31048
Dinamarca,DNK,2000,8.084329605,33188
Dinamarca,DNK,2001,8.215450287,39017
Dinamarca,DNK,2002,8.213029861,39285
Dinamarca,DNK,2003,8.121939659,42637
Dinamarca,DNK,2004,8.207630157,46726
Dinamarca,DNK,2005,8.085570335,49704
Dinamarca,DNK,2006,7.729909897,47539
Dinamarca,DNK,2007,7.615600109,50849
Dinamarca,DNK,2008,7.4760499,49754
Dinamarca,DNK,2009,8.448880196,53721
Dinamarca,DNK,2010,8.559550285,54271
Dinamarca,DNK,2011,8.48486042,57516
Dinamarca,DNK,2012,7.237820148,58667
Dinamarca,DNK,2013,8.494429588,66467
Dinamarca,DNK,2014,7.634850025,70246
Argelia,DZA,1979,7.182010174,5928
Argelia,DZA,1980,6.597420216,6046
Ecuador,ECU,1971,1.879400015,2400
Ecuador,ECU,2012,4.643070221,79189
Ecuador,ECU,2013,5.004640102,91344
Ecuador,ECU,2014,5.260990143,99429
Ecuador,ECU,2015,4.998700142,145058
Eritrea,ERI,1996,1.638550043,245
Eritrea,ERI,1999,5.26281023,823
Eritrea,ERI,2001,4.047160149,905
Eritrea,ERI,2002,3.523900032,1084
Eritrea,ERI,2004,3.148969889,1254
Estonia,EST,1995,6.073050022,3254
Estonia,EST,1996,6.105840206,5679
Estonia,EST,1997,6.448190212,6236
Estonia,EST,1999,6.68735981,6436
Estonia,EST,2000,5.340209961,7045
Estonia,EST,2001,5.236480236,7600
Estonia,EST,2002,5.468679905,7764
Estonia,EST,2003,5.294630051,9877
Estonia,EST,2004,4.911809921,10235
Estonia,EST,2005,4.844860077,11793
Estonia,EST,2007,4.66395998,12612
Estonia,EST,2008,5.517509937,11345
Estonia,EST,2009,5.9541502,11489
Estonia,EST,2010,5.52699995,11439
Estonia,EST,2011,5.017380238,11828
Estonia,EST,2012,4.712930202,11437
Estonia,EST,2013,4.83837986,10867
Estonia,EST,2014,5.479410172,10190
Finlandia,FIN,1971,5.327420235,9181
Finlandia,FIN,1973,5.089600086,9851
Finlandia,FIN,1974,4.478990078,9842
Finlandia,FIN,1975,5.029500008,10283
Finlandia,FIN,1976,5.224450111,10876
Finlandia,FIN,1979,4.79335022,27114
Finlandia,FIN,1980,4.822169781,27107
Finlandia,FIN,1981,4.829939842,26671
Finlandia,FIN,1982,4.776159763,26321
Finlandia,FIN,1983,4.851749897,25680
Finlandia,FIN,1984,4.695580006,24736
Finlandia,FIN,1985,5.041959763,25125
Finlandia,FIN,1986,5.096580029,21805
Finlandia,FIN,1987,5.198130131,22420
Finlandia,FIN,1988,5.064909935,22656
Finlandia,FIN,1989,5.070360184,24460
Finlandia,FIN,1990,5.335909843,24683
Finlandia,FIN,1991,6.332890034,24176
Finlandia,FIN,1992,6.515120029,26235
Finlandia,FIN,1993,7.483670235,28502
Finlandia,FIN,1994,6.855629921,30830
Finlandia,FIN,1995,6.809420109,28030
Finlandia,FIN,1996,6.8605299,27808
Finlandia,FIN,1999,5.869609833,38075
Finlandia,FIN,2000,5.716879845,36141
Finlandia,FIN,2001,5.847970009,36898
Finlandia,FIN,2002,6.024779797,38610
Finlandia,FIN,2003,6.174769878,38645
Finlandia,FIN,2004,6.168499947,38608
Finlandia,FIN,2006,5.938099861,40472
Finlandia,FIN,2007,5.686089993,42296
Finlandia,FIN,2009,6.485179901,43009
Finlandia,FIN,2010,6.540709972,48768
Finlandia,FIN,2011,6.482009888,51441
Finlandia,FIN,2012,7.192540169,53296
Finlandia,FIN,2013,7.158480167,52730
Finlandia,FIN,2014,7.15155983,53878
Fiji,FJI,1981,5.820109844,356
Fiji,FJI,2004,6.164929867,1679
Francia,FRA,1973,3.218450069,101508
Francia,FRA,1974,4.227620125,105504
Francia,FRA,1977,4.422440052,175384
Francia,FRA,1978,4.332499981,162632
Francia,FRA,1982,4.835830212,266037
Francia,FRA,1983,4.83521986,269841
Francia,FRA,1985,4.833580017,270078
Francia,FRA,1986,4.689199924,299812
Francia,FRA,1987,4.602769852,312096
Francia,FRA,1988,4.524040222,317364
Francia,FRA,1989,4.435150146,360302
Francia,FRA,1992,4.710989952,462310
Francia,FRA,1993,5.399879932,484662
Francia,FRA,1994,5.595699787,389820
Francia,FRA,1999,5.645289898,497188
Francia,FRA,2000,5.516729832,500079
Francia,FRA,2002,5.409160137,532083
Francia,FRA,2003,5.722949982,584849
Francia,FRA,2004,5.637020111,664711
Francia,FRA,2005,5.499810219,643604
Francia,FRA,2006,5.442110062,622937
Francia,FRA,2007,5.445189953,621444
Francia,FRA,2008,5.444029808,628089
Francia,FRA,2009,5.738490105,643259
Francia,FRA,2012,5.461319923,697193
Francia,FRA,2013,5.505310059,726540
Francia,FRA,2014,5.51760006,741044
Georgia,GEO,1999,2.15512991,22359
Georgia,GEO,2000,2.181070089,21433
Georgia,GEO,2001,2.137500048,20355
Georgia,GEO,2002,2.235009909,22254
Georgia,GEO,2003,2.065599918,24154
Georgia,GEO,2004,2.914200068,24026
Georgia,GEO,2005,2.484309912,26998
Georgia,GEO,2006,3.003639936,28733
Georgia,GEO,2007,2.696870089,34657
Georgia,GEO,2008,2.919559956,55369
Georgia,GEO,2009,3.222389936,37778
Georgia,GEO,2011,2.696219921,26589
Georgia,GEO,2012,1.983309984,17906
Georgia,GEO,2016,3.784770012,22711
Ghana,GHA,1971,4.224440098,1344
Ghana,GHA,1974,3.802710056,1299
Ghana,GHA,1981,1.808120012,2821
Ghana,GHA,1986,3.354480028,2277
Ghana,GHA,1987,3.306699991,439
Ghana,GHA,1988,3.187419891,1240
Ghana,GHA,2012,7.919139862,72071
Ghana,GHA,2013,6.098189831,79738
Ghana,GHA,2014,6.159830093,79345
Guinea,GIN,2014,2.419260025,32755
Gambia,GMB,2004,1.034500003,470
Gambia,GMB,2011,3.925139904,2623
Gambia,GMB,2012,4.101180077,3701
Grecia,GRC,1971,1.302459955,10123
Grecia,GRC,1973,1.112619996,13208
Grecia,GRC,1974,1.336089969,15916
Grecia,GRC,1975,1.46085,15109
Grecia,GRC,1976,1.448250055,17039
Grecia,GRC,1977,1.493729949,15927
Grecia,GRC,1978,1.685700059,14924
Grecia,GRC,1981,1.692800045,25272
Grecia,GRC,1982,1.686840057,24649
Grecia,GRC,1983,1.688680053,24184
Grecia,GRC,1984,1.810029984,25504
Grecia,GRC,1986,1.83336997,27818
Grecia,GRC,1987,1.834210038,27309
Grecia,GRC,1988,1.868939996,24626
Grecia,GRC,1990,2.046080112,26076
Grecia,GRC,1991,1.934329987,28956
Grecia,GRC,2001,3.364579916,38963
Grecia,GRC,2002,3.424309969,43710
Grecia,GRC,2004,3.667190075,48135
Grecia,GRC,2005,3.963959932,59872
Granada,GRD,2016,10.29312992,2138
Guatemala,GTM,1970,1.858719945,514
Guatemala,GTM,1971,2.025540113,465
Guatemala,GTM,1976,1.62729001,1020
Guatemala,GTM,2007,3.03873992,6073
Guatemala,GTM,2013,2.842259884,20831
Guatemala,GTM,2014,2.941390038,26899
Guatemala,GTM,2015,2.95517993,33680
Guyana,GUY,1977,7.088729858,834
Guyana,GUY,1983,8.253470421,511
Guyana,GUY,1984,7.227479935,791
Guyana,GUY,2004,5.526229858,1123
Guyana,GUY,2005,8.139730453,1750
Guyana,GUY,2006,5.089260101,1414
Guyana,GUY,2007,3.752279997,1627
Guyana,GUY,2009,3.302740097,1220
Guyana,GUY,2010,3.638550043,1641
Guyana,GUY,2011,3.592040062,1701
Guyana,GUY,2012,3.182420015,1838
Honduras,HND,1978,3.240999937,747
Honduras,HND,1980,2.994469881,918
Honduras,HND,2013,5.874929905,18667
Croacia,HRV,2002,3.810859919,14741
Croacia,HRV,2003,3.867549896,15959
Croacia,HRV,2007,3.971120119,22228
Croacia,HRV,2008,4.270130157,26938
Croacia,HRV,2009,4.389259815,31693
Croacia,HRV,2010,4.252170086,34293
Croacia,HRV,2011,4.157949924,38789
Indonesia,IDN,1972,2.618710041,13370
Indonesia,IDN,1994,0.937839985,177725
Indonesia,IDN,1996,1.012979984,218979
Indonesia,IDN,1997,1.006899953,388672
Indonesia,IDN,2001,2.310480118,476971
Indonesia,IDN,2002,2.48484993,506124
Indonesia,IDN,2003,3.0223701,552660
Indonesia,IDN,2004,2.58137989,612975
Indonesia,IDN,2009,3.310830116,799368
Indonesia,IDN,2010,2.81227994,811455
Indonesia,IDN,2012,3.407480001,867822
Indonesia,IDN,2014,3.288009882,948638
Indonesia,IDN,2015,3.581929922,941038
,,,,
Irlanda,IRL,1976,4.291349888,7129
Irlanda,IRL,1977,5.079239845,6578
Irlanda,IRL,1978,5.06155014,7147
Irlanda,IRL,1979,5.281799793,8315
Irlanda,IRL,1980,5.315849781,8043
Irlanda,IRL,1981,5.725160122,7882
Irlanda,IRL,1982,5.383080006,8674
Irlanda,IRL,1983,5.440030098,8736
Irlanda,IRL,1984,5.275380135,8885
Irlanda,IRL,1985,5.242090225,7456
Irlanda,IRL,1986,5.2948699,10236
Irlanda,IRL,1987,5.522200108,15330
Irlanda,IRL,1988,5.010159969,15785
Irlanda,IRL,1989,4.707389832,16439
Irlanda,IRL,1990,4.595059872,17778
Irlanda,IRL,1991,4.776949883,20544
Irlanda,IRL,1992,4.999639988,22725
Irlanda,IRL,1993,5.10943985,25643
Irlanda,IRL,1994,5.182509899,27899
Irlanda,IRL,1995,4.865799904,29677
Irlanda,IRL,1998,4.293129921,37724
Irlanda,IRL,1999,4.140850067,42652
Irlanda,IRL,2000,4.136620045,42009
Irlanda,IRL,2001,4.091929913,45818
Irlanda,IRL,2002,4.106180191,45028
Irlanda,IRL,2003,4.205530167,53808
Irlanda,IRL,2004,4.486310005,55852
Irlanda,IRL,2005,4.522119999,59650
Irlanda,IRL,2006,4.545470238,59184
Irlanda,IRL,2007,4.712250233,59011
Irlanda,IRL,2008,5.444519997,60074
Irlanda,IRL,2009,6.135220051,57834
Irlanda,IRL,2010,6.043409824,58837
Irlanda,IRL,2012,5.751100063,60022
Irlanda,IRL,2013,5.315760136,61297
Irlanda,IRL,2014,4.888440132,64955
Iraq,IRQ,1977,3.857049942,17658
Iraq,IRQ,1980,2.423789978,21000
Iraq,IRQ,1989,3.551500082,14598
Islandia,ISL,1999,6.47052002,1630
Islandia,ISL,2000,6.488649845,1779
Islandia,ISL,2001,6.778989792,2066
Islandia,ISL,2002,7.393139839,2195
Islandia,ISL,2003,7.325359821,2516
Islandia,ISL,2004,7.22492981,2838
Islandia,ISL,2005,7.409560204,2914
Islandia,ISL,2006,7.373410225,3397
Islandia,ISL,2007,7.060910225,3541
Islandia,ISL,2008,7.209219933,3627
Islandia,ISL,2009,7.339000225,3450
Islandia,ISL,2010,7.204269886,4105
Islandia,ISL,2012,7.866429806,4099
Israel,ISR,1973,5.366809845,7487
Israel,ISR,1974,5.939889908,8394
Israel,ISR,1975,6.037930012,8675
Israel,ISR,1978,6.621099949,10144
Israel,ISR,1979,6.704730034,9799
Israel,ISR,1980,7.14989996,9556
Israel,ISR,1981,7.094830036,8978
Israel,ISR,1983,7.0144701,10068
Israel,ISR,1984,7.002830029,9847
Israel,ISR,1985,8.021670341,10654
Israel,ISR,1986,6.130410194,11218
Israel,ISR,1987,5.525589943,12050
Israel,ISR,1988,4.511000156,12316
Israel,ISR,1989,5.709640026,12557
Israel,ISR,1991,5.437660217,13915
Israel,ISR,1994,6.440680027,15573
Israel,ISR,1999,6.419089794,68594
Israel,ISR,2000,6.118199825,62363
Italia,ITA,1971,2.908360004,61061
Italia,ITA,1974,3.847830057,63938
Italia,ITA,1975,3.72390008,74226
Italia,ITA,1976,3.93249011,78580
Italia,ITA,1978,3.792870045,86460
Italia,ITA,1979,4.177509785,88870
Italia,ITA,1983,4.502920151,87731
Italia,ITA,1984,4.790369987,85943
Italia,ITA,1985,4.705329895,90645
Italia,ITA,1986,4.670300007,88028
Italia,ITA,1988,4.607970238,95421
Italia,ITA,1993,4.749559879,106043
Italia,ITA,1994,4.447979927,112092
Italia,ITA,1995,4.332940102,199055
Italia,ITA,1996,4.459519863,183057
Italia,ITA,1998,4.463469982,179431
Italia,ITA,1999,4.523359776,190280
Italia,ITA,2000,4.298860073,202309
Italia,ITA,2001,4.668879986,218041
Italia,ITA,2002,4.447110176,248710
Italia,ITA,2003,4.554800034,290340
Italia,ITA,2004,4.397170067,326500
Italia,ITA,2005,4.249420166,379933
Italia,ITA,2006,4.537769794,400860
Italia,ITA,2007,4.118519783,400021
Italia,ITA,2008,4.402870178,398194
Italia,ITA,2011,4.144070148,388837
Italia,ITA,2013,4.164720058,361907
Italia,ITA,2014,4.075250149,374353
Jamaica,JAM,1988,3.940860033,3537
Jamaica,JAM,1993,3.214030027,1575
Jamaica,JAM,2009,6.198480129,25477
Jordania,JOR,1971,3.297689915,1379
Jordania,JOR,1973,2.486939907,1384
Jordania,JOR,1974,3.557689905,1787
Jordania,JOR,1975,3.763479948,2428
Jordania,JOR,1976,3.533930063,3062
Jordania,JOR,1978,3.681169987,6519
Jordania,JOR,1979,5.081729889,5400
Jordania,JOR,1981,5.167319775,7039
Jordania,JOR,1982,5.089159966,7326
Jordania,JOR,1983,4.927959919,12404
Jordania,JOR,1984,5.936950207,12356
Jordania,JOR,1986,3.284379959,9201
Jordania,JOR,1987,3.296570063,15186
Jordania,JOR,1988,4.047570229,22673
Jordania,JOR,1997,6.364510059,22395
Kenya,KEN,1972,4.476339817,693
Kenya,KEN,1981,5.923729897,2652
Kenya,KEN,1982,5.678120136,2503
Kenya,KEN,1984,4.580959797,2386
Kenya,KEN,1991,6.570670128,10701
Kenya,KEN,2000,5.186729908,27767
Kenya,KEN,2001,5.206210136,38683
Camboya,KHM,2000,1.666810036,2567
Camboya,KHM,2001,1.722219944,2905
Camboya,KHM,2002,1.711210012,3105
Camboya,KHM,2004,1.719820023,8922
Camboya,KHM,2007,1.599300027,16187
Camboya,KHM,2011,1.510689974,32177
Kuwait,KWT,1971,3.287339926,369
Kuwait,KWT,1973,3.303689957,398
Kuwait,KWT,1974,3.521600008,515
Kuwait,KWT,1975,2.135540009,610
Kuwait,KWT,1976,3.115080118,1187
Kuwait,KWT,1978,4.081850052,3039
Kuwait,KWT,1980,2.791019917,2081
Kuwait,KWT,1981,2.719140053,2673
Kuwait,KWT,1982,3.03350997,2593
Kuwait,KWT,1983,5.090270042,3071
Kuwait,KWT,1984,5.148880005,1656
Kuwait,KWT,1985,5.007619858,1490
Kuwait,KWT,1986,5.400839806,3715
Liberia,LBR,2012,2.757560015,4390
Liechtenstein,LIE,2003,2.46013999,61
Liechtenstein,LIE,2004,2.433330059,73
Liechtenstein,LIE,2006,2.053809881,132
Liechtenstein,LIE,2007,1.921190023,146
Liechtenstein,LIE,2008,2.048369884,176
Liechtenstein,LIE,2011,2.556040049,254
Sri Lanka,LKA,1975,2.74454999,4079
Sri Lanka,LKA,1979,2.567430019,3645
Sri Lanka,LKA,1982,2.558500051,17598
Sri Lanka,LKA,1983,2.39060998,9124
Sri Lanka,LKA,1984,2.165260077,6627
Sri Lanka,LKA,1986,2.805419922,14663
Sri Lanka,LKA,1989,2.755160093,6452
Sri Lanka,LKA,1994,3.108530045,7995
Sri Lanka,LKA,2010,1.717740059,27913
Sri Lanka,LKA,2011,1.808609962,28285
Sri Lanka,LKA,2012,1.496170044,27050
Sri Lanka,LKA,2013,1.621070027,34923
Sri Lanka,LKA,2014,1.932880044,40637
Sri Lanka,LKA,2015,2.22852993,46337
Sri Lanka,LKA,2016,3.494970083,46045
Lesotho,LSO,1972,4.526509762,87
Lesotho,LSO,1983,10.09694004,617
Lesotho,LSO,1994,7.025430202,1097
Lesotho,LSO,1995,8.64097023,1416
Lesotho,LSO,1999,12.49934959,1190
Lesotho,LSO,2000,10.09154987,822
,,,,
Lesotho,LSO,2002,10.10044956,837
Lesotho,LSO,2003,13.21957016,1319
Lituania,LTU,1995,4.764920235,17965
Lituania,LTU,1996,4.843719959,18260
Lituania,LTU,1997,5.449550152,17341
Lituania,LTU,2001,5.840380192,27471
Lituania,LTU,2002,5.79253006,29753
Lituania,LTU,2003,5.108510017,34454
Lituania,LTU,2004,5.169159889,38095
Lituania,LTU,2005,4.873189926,41466
Lituania,LTU,2006,4.820549965,43343
Lituania,LTU,2007,4.590549946,43153
Lituania,LTU,2008,4.83453989,42547
Lituania,LTU,2009,5.577410221,44658
Lituania,LTU,2010,5.299029827,45032
Lituania,LTU,2011,5.120269775,43419
Lituania,LTU,2012,4.766860008,42379
Lituania,LTU,2013,4.607260227,39265
Lituania,LTU,2014,4.485509872,33130
Luxemburgo,LUX,2012,4.090410233,1289
Luxemburgo,LUX,2014,3.994390011,1847
Letonia,LVA,1996,5.262159824,6909
Letonia,LVA,1997,5.514689922,8176
Letonia,LVA,1999,5.539820194,12511
Letonia,LVA,2000,5.288290024,15260
Letonia,LVA,2001,5.454889774,20308
Letonia,LVA,2002,5.60875988,18917
Letonia,LVA,2003,5.067289829,20763
Letonia,LVA,2004,4.855050087,23852
Letonia,LVA,2006,4.711550236,26414
Letonia,LVA,2007,4.656219959,26752
Letonia,LVA,2008,5.405379772,24170
Letonia,LVA,2009,5.573530197,26007
Letonia,LVA,2010,5.080979824,26545
Letonia,LVA,2011,4.936999798,24853
Letonia,LVA,2012,6.594389915,21472
Letonia,LVA,2013,6.971680164,21610
Letonia,LVA,2014,5.268799782,17345
Marruecos,MAR,1974,4.275489807,2478
Marruecos,MAR,1976,6.027120113,1374
Marruecos,MAR,1977,6.084249973,1896
Marruecos,MAR,1978,6.20182991,2870
Marruecos,MAR,1979,6.315480232,3407
Marruecos,MAR,1980,5.104859829,4354
Marruecos,MAR,1981,5.689260006,4504
Marruecos,MAR,1982,6.122680187,6096
Marruecos,MAR,1983,6.174670219,6545
Marruecos,MAR,1984,5.190130234,7975
Marruecos,MAR,1985,5.102169991,9332
Marruecos,MAR,1987,5.162139893,9429
Marruecos,MAR,1989,4.757329941,15757
Marruecos,MAR,1993,4.824969769,21815
Marruecos,MAR,1995,4.734809875,24501
Marruecos,MAR,2008,5.342150211,62727
Marruecos,MAR,2009,5.260640144,70780
Madagascar,MDG,1980,4.320250034,1684
Madagascar,MDG,1981,3.812779903,1202
Madagascar,MDG,1984,2.929330111,1411
Madagascar,MDG,1993,2.140180111,5619
Madagascar,MDG,1997,1.849640012,6341
Madagascar,MDG,2005,3.848170042,10464
Madagascar,MDG,2006,3.282530069,10109
Madagascar,MDG,2007,3.369879961,13176
Madagascar,MDG,2008,2.910409927,16395
Madagascar,MDG,2009,3.177510023,15656
Madagascar,MDG,2013,2.082309961,25264
Maldivas,MDV,2014,3.470459938,785
Malta,MLT,1973,5.26970005,361
Malta,MLT,1974,4.493100166,381
Malta,MLT,1975,4.422210217,306
Malta,MLT,1976,3.831890106,372
Malta,MLT,1977,3.897609949,197
Malta,MLT,1978,3.348829985,156
Malta,MLT,1979,3.153640032,395
Malta,MLT,1981,2.865329981,259
Malta,MLT,1982,2.854079962,204
Malta,MLT,1983,3.314690113,352
Malta,MLT,1984,3.078720093,145
Malta,MLT,1985,3.248339891,83
Malta,MLT,1986,3.105720043,134
Malta,MLT,1987,3.16531992,216
Malta,MLT,1988,3.338239908,267
Malta,MLT,1989,3.58874011,246
Malta,MLT,1990,3.831419945,324
Malta,MLT,1991,3.920300007,438
Malta,MLT,1992,4.314099789,405
Malta,MLT,1998,4.277430058,1720
Malta,MLT,2002,3.949239969,1868
Malta,MLT,2004,4.460760117,2145
Malta,MLT,2007,5.981349945,2729
Malta,MLT,2008,5.570610046,2792
Malta,MLT,2009,5.170370102,2844
Malta,MLT,2010,6.454889774,3049
Malta,MLT,2011,7.793879986,3393
Malta,MLT,2012,6.523690224,3463
Malta,MLT,2013,7.879179955,3803
Malta,MLT,2014,7.249639988,3924
Myanmar,MMR,1973,3.27380991,10906
Myanmar,MMR,1978,1.643659949,12183
Myanmar,MMR,2011,0.787440002,134624
Mongolia,MNG,1997,3.948970079,6984
Mongolia,MNG,1999,5.145659924,9830
Mongolia,MNG,2000,5.550370216,10333
Mongolia,MNG,2002,7.210780144,17671
Mongolia,MNG,2004,4.325729847,21109
Mongolia,MNG,2007,4.690130234,25938
Mongolia,MNG,2009,5.144849777,33007
Mongolia,MNG,2010,4.645100117,34211
Mongolia,MNG,2011,4.60902977,35847
Mongolia,MNG,2013,4.940770149,36831
Mongolia,MNG,2014,4.714849949,33591
Mongolia,MNG,2015,4.176990032,35055
Mongolia,MNG,2016,5.182119846,35658
Mozambique,MOZ,2004,3.715919971,2878
Mozambique,MOZ,2005,4.430130005,3615
Mozambique,MOZ,2006,4.274270058,4580
Mozambique,MOZ,2012,6.075510025,11288
Mozambique,MOZ,2013,6.480090141,10255
Mauritania,MRT,2016,2.631069899,3035
Mauricio,MUS,1977,4.422319889,303
Mauricio,MUS,1978,5.542679787,383
Mauricio,MUS,1981,5.032839775,237
Mauricio,MUS,1982,4.584519863,366
Mauricio,MUS,1983,4.435100079,330
Mauricio,MUS,1985,3.946510077,307
Mauricio,MUS,1988,3.118350029,475
Mauricio,MUS,1991,3.509890079,598
Malawi,MWI,1971,4.404789925,228
Malawi,MWI,1972,3.383399963,245
Malawi,MWI,1973,3.33149004,352
Malawi,MWI,1974,3.087090015,463
Malawi,MWI,1975,2.703789949,506
Malawi,MWI,1976,2.422310114,529
Malawi,MWI,1986,3.19866991,1019
Malawi,MWI,1987,3.525079966,1014
Malawi,MWI,1988,3.171439886,968
Malawi,MWI,1989,3.176350117,1124
Malawi,MWI,1990,3.270539999,2077
Malawi,MWI,1995,4.008850098,3815
Malawi,MWI,2000,5.247970104,857
Malawi,MWI,2001,4.508979797,774
Malawi,MWI,2003,3.215660095,1054
Malasia,MYS,1979,5.087609768,16458
Malasia,MYS,1980,5.72619009,16712
Malasia,MYS,1982,7.03278017,7025
Malasia,MYS,1984,5.66629982,11814
Malasia,MYS,1985,6.11111021,24853
Malasia,MYS,1987,6.326000214,15163
Malasia,MYS,1999,5.686749935,125337
Malasia,MYS,2002,7.657949924,175417
Malasia,MYS,2003,7.502880096,196352
Malasia,MYS,2004,5.9238801,202705
Malasia,MYS,2006,4.485770226,208998
Malasia,MYS,2007,4.372539997,181404
Malasia,MYS,2008,3.958529949,206588
Malasia,MYS,2009,5.974180222,226808
Malasia,MYS,2014,5.212639809,350639
Malasia,MYS,2015,4.976130009,362806
,,,,
Namibia,NAM,2001,6.912819862,3248
Namibia,NAM,2003,6.115109921,1981
Namibia,NAM,2006,6.037819862,2590
Namibia,NAM,2008,6.483980179,5525
N�ger,NER,2001,2.867249966,821
N�ger,NER,2008,3.662930012,1871
N�ger,NER,2010,3.733390093,2969
Nicaragua,NIC,1979,2.822779894,622
Nicaragua,NIC,1980,3.262409925,4173
Nicaragua,NIC,1982,3.792680025,1563
Nicaragua,NIC,1984,5.978899956,1140
Nicaragua,NIC,1987,5.351749897,2073
Nicaragua,NIC,1992,2.984970093,1875
Nicaragua,NIC,2002,2.391010046,4298
Noruega,NOR,1973,5.891719818,11380
Noruega,NOR,1974,5.673659801,13684
Noruega,NOR,1975,5.550220013,14565
Noruega,NOR,1976,6.163599968,15437
Noruega,NOR,1977,5.972809792,22822
Noruega,NOR,1986,5.539830208,40390
Noruega,NOR,1987,5.788070202,38340
Noruega,NOR,1988,5.865970135,40553
Noruega,NOR,1989,6.299860001,45320
Noruega,NOR,1990,6.310379982,21138
Noruega,NOR,1991,6.373219967,46009
Noruega,NOR,1992,6.63613987,53575
Noruega,NOR,1993,7.676640034,57610
Noruega,NOR,1994,7.830430031,60686
Noruega,NOR,1996,7.138150215,51181
Noruega,NOR,1997,7.30354023,50970
Noruega,NOR,1999,6.966420174,28609
Noruega,NOR,2000,6.464680195,29935
Noruega,NOR,2001,6.829410076,32092
Noruega,NOR,2002,7.441319942,29652
Noruega,NOR,2003,7.419799805,30127
Noruega,NOR,2004,7.302519798,32043
Noruega,NOR,2005,6.86868,31929
Noruega,NOR,2006,6.385660172,33529
Noruega,NOR,2007,6.532030106,35410
Noruega,NOR,2008,6.281079769,35214
Noruega,NOR,2009,7.095439911,35272
Noruega,NOR,2010,6.740459919,37844
Noruega,NOR,2011,6.447430134,40379
Noruega,NOR,2012,7.364250183,40346
Noruega,NOR,2013,7.474760056,44244
Noruega,NOR,2014,7.68073988,47742
Nepal,NPL,2005,3.364639997,25565
Nepal,NPL,2006,3.605360031,28928
Nepal,NPL,2008,3.805170059,44458
Nepal,NPL,2009,4.663760185,44981
Nepal,NPL,2010,3.631720066,46968
Nepal,NPL,2011,3.842619896,48162
Nepal,NPL,2013,3.474649906,61517
Nepal,NPL,2014,3.993020058,58802
Nueva Zelandia,NZL,1973,4.753230095,7128
Nueva Zelandia,NZL,1974,4.746799946,7130
Nueva Zelandia,NZL,1976,5.454740047,7227
Nueva Zelandia,NZL,1978,4.532529831,8888
Nueva Zelandia,NZL,1979,4.467870235,11571
Nueva Zelandia,NZL,1980,4.232470036,11496
Nueva Zelandia,NZL,1981,4.44054985,11599
Nueva Zelandia,NZL,1982,4.532700062,11536
Nueva Zelandia,NZL,1984,4.045780182,11527
Nueva Zelandia,NZL,1985,3.546230078,11274
Nueva Zelandia,NZL,1986,3.430249929,11798
Nueva Zelandia,NZL,1987,3.917269945,12374
Nueva Zelandia,NZL,1988,4.42592001,12450
Nueva Zelandia,NZL,1989,4.818240166,14333
Nueva Zelandia,NZL,1994,5.925980091,51181
Nueva Zelandia,NZL,1995,5.742129803,30227
Nueva Zelandia,NZL,1996,6.383719921,32373
Nueva Zelandia,NZL,1997,6.157279968,34218
Nueva Zelandia,NZL,1999,6.636209965,37596
Nueva Zelandia,NZL,2001,6.560490131,44192
Nueva Zelandia,NZL,2002,6.406990051,44783
Nueva Zelandia,NZL,2003,6.437479973,47565
Nueva Zelandia,NZL,2004,6.512030125,52018
Nueva Zelandia,NZL,2005,6.278920174,55175
Nueva Zelandia,NZL,2006,5.952799797,59320
Nueva Zelandia,NZL,2007,5.916039944,57815
Nueva Zelandia,NZL,2008,5.506410122,54445
Nueva Zelandia,NZL,2009,6.281169891,61075
Nueva Zelandia,NZL,2010,7.00248003,60719
Nueva Zelandia,NZL,2011,6.936689854,67749
Nueva Zelandia,NZL,2012,7.15267992,71931
,,,,
,,,,
Nueva Zelandia,NZL,2015,6.344510078,72746
Filipinas,PHL,1982,2.074929953,208767
Filipinas,PHL,1983,1.686069965,242242
Filipinas,PHL,1986,1.726209998,254899
Filipinas,PHL,1995,3.042259932,342015
Filipinas,PHL,1996,3.362869978,309645
Filipinas,PHL,1997,3.517159939,286545
Filipinas,PHL,2001,3.026619911,351078
Filipinas,PHL,2002,2.997080088,363640
Filipinas,PHL,2003,3.044699907,384080
Filipinas,PHL,2004,2.567970037,401928
Filipinas,PHL,2005,2.426290035,387108
Filipinas,PHL,2006,2.5338099,410067
Filipinas,PHL,2009,2.652950048,469654
Papua Nueva Guinea,PNG,1972,5.247159958,1234
Papua Nueva Guinea,PNG,1977,7.389709949,414
Polonia,POL,1991,3.891449928,109685
Polonia,POL,1992,4.187930107,108101
Polonia,POL,1993,4.182759762,118642
Polonia,POL,1995,4.335000038,134367
Polonia,POL,2001,5.329750061,431104
Polonia,POL,2002,5.3979702,459737
Polonia,POL,2003,5.332180023,477785
Polonia,POL,2004,5.35574007,486313
Polonia,POL,2005,5.426089764,501393
Polonia,POL,2006,5.205729961,504051
Polonia,POL,2007,4.868340015,532827
Polonia,POL,2008,5.040440083,558023
Polonia,POL,2009,4.989099979,574972
Polonia,POL,2010,5.068429947,624799
Polonia,POL,2011,4.820119858,648045
Polonia,POL,2012,4.811810017,638957
Polonia,POL,2013,4.940110207,598124
Polonia,POL,2014,4.912409782,557769
Puerto Rico,PRI,1971,7.250520229,8263
Puerto Rico,PRI,1973,6.479929924,9797
Puerto Rico,PRI,1975,6.229740143,13073
Puerto Rico,PRI,1976,7.140490055,12734
Puerto Rico,PRI,1977,6.387569904,13489
Puerto Rico,PRI,1978,6.681029797,13093
Puerto Rico,PRI,2013,6.512110233,34398
Puerto Rico,PRI,2014,6.03234005,34655
Portugal,PRT,1975,3.062160015,7603
Portugal,PRT,1978,2.900190115,14314
Portugal,PRT,1979,2.699039936,15609
Portugal,PRT,1980,3.067130089,16394
Portugal,PRT,1981,3.185440063,14834
Portugal,PRT,1982,3.328769922,10942
Portugal,PRT,1983,3.232490063,10461
Portugal,PRT,1984,3.142230034,11760
Portugal,PRT,1985,3.262170076,12653
Portugal,PRT,1986,3.048949957,13510
Portugal,PRT,1987,3.157670021,12429
Portugal,PRT,1988,3.387190104,10740
Portugal,PRT,1991,4.070930004,12053
Portugal,PRT,1994,4.670839787,23981
Portugal,PRT,1995,4.612860203,33913
Portugal,PRT,1996,5.06512022,36723
Portugal,PRT,2000,5.161769867,58456
Portugal,PRT,2002,5.255879879,64098
Portugal,PRT,2003,5.278269768,68511
Portugal,PRT,2004,5.042300224,68668
Portugal,PRT,2005,5.070759773,70023
Portugal,PRT,2006,4.90802002,71828
Portugal,PRT,2007,4.921909809,83276
Portugal,PRT,2008,4.702129841,84009
Portugal,PRT,2009,5.562139988,76567
Portugal,PRT,2010,5.402890205,78609
Portugal,PRT,2011,5.121290207,87129
Portugal,PRT,2012,4.946400166,94264
Portugal,PRT,2013,5.277870178,94867
Portugal,PRT,2014,5.123250008,88503
Paraguay,PRY,1970,2.281100035,821
Paraguay,PRY,1971,2.471970081,395
Paraguay,PRY,1985,1.544649959,2243
Qatar,QAT,1978,2.77696991,196
Qatar,QAT,2000,3.725980043,1365
Qatar,QAT,2001,3.200190067,1320
Qatar,QAT,2002,3.846560001,1227
Qatar,QAT,2003,3.373939991,1386
Qatar,QAT,2008,4.22755003,1789
Qatar,QAT,2009,3.413150072,1629
Qatar,QAT,2010,4.539659977,1629
Qatar,QAT,2011,4.012239933,2100
Qatar,QAT,2012,3.50744009,1969
Qatar,QAT,2013,4.073840141,2284
Qatar,QAT,2014,3.605350018,2569
Rumania,ROU,1996,3.219779968,53256
Rumania,ROU,2000,2.85442996,67940
Rumania,ROU,2001,3.240459919,76230
Rumania,ROU,2002,3.495899916,93467
Rumania,ROU,2003,3.421950102,118019
Rumania,ROU,2004,3.258670092,147412
Rumania,ROU,2005,3.456680059,156565
Rumania,ROU,2007,4.223279953,205806
Rumania,ROU,2009,4.161829948,310886
Rumania,ROU,2010,3.458489895,305360
Rumania,ROU,2011,3.027750015,259634
Rumania,ROU,2012,2.946039915,200106
Rumania,ROU,2014,3.128509998,153515
Rwanda,RWA,1978,2.232470036,157
Rwanda,RWA,1979,2.441279888,204
Rwanda,RWA,1987,3.505779982,451
Rwanda,RWA,1988,3.335340023,572
Rwanda,RWA,1989,3.746629953,521
Rwanda,RWA,2010,4.8853302,10111
Rwanda,RWA,2012,4.688829899,16048
Rwanda,RWA,2016,3.54689002,19969
Arabia Saudita,SAU,1981,3.890249968,5837
Arabia Saudita,SAU,1982,4.142549992,8188
Arabia Saudita,SAU,1983,5.977970123,9659
Arabia Saudita,SAU,1984,6.109570026,10336
Arabia Saudita,SAU,1986,6.255350113,9644
Arabia Saudita,SAU,1991,5.779459953,22782
Arabia Saudita,SAU,1994,6.343820095,22460
Arabia Saudita,SAU,1995,5.692470074,27684
Arabia Saudita,SAU,1996,4.943749905,38706
Arabia Saudita,SAU,1997,4.377079964,37901
Arabia Saudita,SAU,1998,8.281310081,40296
Arabia Saudita,SAU,1999,7.072269917,52148
Arabia Saudita,SAU,2000,5.90982008,55837
Arabia Saudita,SAU,2001,7.718870163,62608
Arabia Saudita,SAU,2002,7.636889935,74506
Arabia Saudita,SAU,2003,7.105090141,73607
Arabia Saudita,SAU,2004,6.277470112,81689
Arabia Saudita,SAU,2005,5.430920124,82659
Arabia Saudita,SAU,2006,5.891170025,94837
Arabia Saudita,SAU,2008,5.13781023,112132
Senegal,SEN,2012,5.934470177,32849
Singapur,SGP,1972,2.869839907,4156
Singapur,SGP,1973,2.490230083,4020
Singapur,SGP,1974,2.390110016,4301
Singapur,SGP,1975,2.441720009,5582
Singapur,SGP,1976,2.692529917,4539
Singapur,SGP,1977,2.451050043,5195
Singapur,SGP,1978,2.291359901,5461
Singapur,SGP,1979,2.249660015,5889
Singapur,SGP,1980,2.560300112,4883
Singapur,SGP,1981,2.584280014,5459
Singapur,SGP,1982,3.268549919,7402
Singapur,SGP,1983,3.94904995,7671
Singapur,SGP,1988,3.65583992,12582
Sierra Leona,SLE,2000,4.949369907,6236
El Salvador,SLV,1975,0.904510021,1102
El Salvador,SLV,1998,2.319920063,68023
El Salvador,SLV,1999,2.319920063,72179
El Salvador,SLV,2000,2.54708004,71707
El Salvador,SLV,2002,2.870539904,10187
El Salvador,SLV,2003,2.759089947,12545
El Salvador,SLV,2005,2.732460022,13962
El Salvador,SLV,2006,3.012680054,13665
El Salvador,SLV,2007,3.054470062,14811
El Salvador,SLV,2008,3.741669893,15801
El Salvador,SLV,2009,3.969540119,16168
El Salvador,SLV,2010,3.486670017,17089
El Salvador,SLV,2011,3.417479992,20284
El Salvador,SLV,2012,3.334009886,21666
El Salvador,SLV,2013,3.433069944,23619
El Salvador,SLV,2014,3.448559999,22976
El Salvador,SLV,2015,3.517560005,22994
El Salvador,SLV,2016,3.453239918,22404
Serbia,SRB,2007,4.510910034,31473
Serbia,SRB,2008,4.70663023,36330
Serbia,SRB,2009,4.751880169,42598
Serbia,SRB,2010,4.586550236,43545
Serbia,SRB,2011,4.492980003,46162
Serbia,SRB,2012,4.426579952,47523
Serbia,SRB,2014,4.180250168,50728
Serbia,SRB,2015,4.040689945,50501
Eslovenia,SVN,1995,4.923840046,6860
Eslovenia,SVN,2001,5.757090092,11991
Eslovenia,SVN,2002,5.655119896,14278
Eslovenia,SVN,2003,5.691279888,13931
Eslovenia,SVN,2004,5.635179996,14888
Eslovenia,SVN,2005,5.582409859,15787
Eslovenia,SVN,2006,5.575590134,17145
Eslovenia,SVN,2007,5.105090141,16680
Eslovenia,SVN,2008,5.106090069,17221
Eslovenia,SVN,2009,5.568590164,17803
Eslovenia,SVN,2010,5.562510014,19694
Eslovenia,SVN,2011,5.565629959,20461
Eslovenia,SVN,2012,5.647830009,20596
Eslovenia,SVN,2013,5.437819958,187765
Eslovenia,SVN,2014,5.294439793,184025
Suecia,SWE,1979,6.463510036,39308
Suecia,SWE,1980,6.630529881,40725
Suecia,SWE,1981,6.878180027,40734
Suecia,SWE,1991,5.521659851,37552
Suecia,SWE,1992,5.33370018,36470
Suecia,SWE,1993,5.585790157,37501
Suecia,SWE,1995,6.223899841,34689
Suecia,SWE,1996,6.925010204,34832
Suecia,SWE,1999,6.930260181,38923
Suecia,SWE,2000,6.81885004,42390
Suecia,SWE,2001,6.686009884,42741
Suecia,SWE,2002,7.001039982,45532
Suecia,SWE,2003,6.85763979,49345
Suecia,SWE,2004,6.722680092,59359
Suecia,SWE,2005,6.559510231,57611
Suecia,SWE,2006,6.410669804,62774
Suecia,SWE,2007,6.215069771,60243
Suecia,SWE,2008,6.390729904,60434
Suecia,SWE,2009,6.857789993,59320
Suecia,SWE,2010,6.621990204,61217
Suecia,SWE,2011,6.491119862,69322
Suecia,SWE,2012,7.656189919,69140
Suecia,SWE,2013,7.717740059,72782
Seychelles,SYC,1974,4.283329964,45
Seychelles,SYC,1975,4.345019817,57
Seychelles,SYC,2011,3.606440067,60
Islas Turcas y Caicos,TCA,2015,3.265280008,107
Chad,TCD,1997,2.27335,1184
Chad,TCD,2000,2.646709919,715
Togo,TGO,1979,6.679140091,244
Togo,TGO,1981,5.882080078,576
Togo,TGO,1996,4.412439823,5254
Tailandia,THA,1971,3.066220045,12544
Tailandia,THA,1973,2.554250002,13766
Tailandia,THA,1974,2.146869898,15351
Tailandia,THA,1975,2.380880117,17579
Tailandia,THA,1976,3.016720057,20821
Tailandia,THA,1977,3.215120077,22337
Tailandia,THA,1986,3.407979965,191811
Tailandia,THA,1994,3.405230045,209162
Tailandia,THA,1996,3.499609947,130223
Tailandia,THA,1999,4.832670212,393523
Tailandia,THA,2000,5.25345993,453994
Tailandia,THA,2001,4.817860126,385387
Tailandia,THA,2002,3.864919901,389982
Tailandia,THA,2003,3.725610018,507092
Tailandia,THA,2004,4.030889988,481895
Tailandia,THA,2005,3.93859005,476134
Tailandia,THA,2006,4.05038023,483924
Tailandia,THA,2007,3.603140116,500731
Tailandia,THA,2008,3.508500099,541886
Tailandia,THA,2009,3.861939907,540522
Tailandia,THA,2010,3.508440018,534736
Tailandia,THA,2012,4.536690235,443648
Trinidad y Tobago,TTO,1983,5.766600132,394
Trinidad y Tobago,TTO,1984,5.87390995,376
Trinidad y Tobago,TTO,1989,4.19987011,1071
Trinidad y Tobago,TTO,1994,3.431809902,998
Trinidad y Tobago,TTO,1999,2.756119967,1794
Trinidad y Tobago,TTO,2000,2.755650043,1947
Trinidad y Tobago,TTO,2001,3.065289974,2299
Trinidad y Tobago,TTO,2002,3.543009996,2380
Uganda,UGA,1973,3.350229979,785
Uganda,UGA,1975,3.221029997,1459
Uganda,UGA,1976,2.676589966,1598
Uganda,UGA,1982,2.515520096,1632
Uganda,UGA,1983,1.689090014,1529
Uganda,UGA,1985,3.431960106,1809
Uganda,UGA,1988,5.103650093,1608
Uganda,UGA,2000,2.461669922,14520
Uganda,UGA,2004,4.952370167,21164
Ucrania,UKR,1999,3.618079901,376275
Ucrania,UKR,2001,4.680490017,424610
Ucrania,UKR,2002,5.433330059,465864
Ucrania,UKR,2003,5.60240984,513892
Ucrania,UKR,2004,5.308320045,580089
Ucrania,UKR,2005,6.058479786,470873
Ucrania,UKR,2006,6.208730221,521772
Ucrania,UKR,2007,6.151199818,558823
Ucrania,UKR,2008,6.42993021,610230
Ucrania,UKR,2009,7.310880184,631025
Ucrania,UKR,2011,6.162370205,670080
Ucrania,UKR,2012,6.692329884,642387
Ucrania,UKR,2013,6.671659946,621790
Ucrania,UKR,2014,5.874939919,593803
Uruguay,URY,1979,1.987130046,1987
Uruguay,URY,1980,2.159509897,2295
Uruguay,URY,1984,2.373389959,2628
Uruguay,URY,1985,2.566790104,2632
Uruguay,URY,1986,3.102829933,3488
Uruguay,URY,1991,2.479079962,5609
Uruguay,URY,1996,2.869869947,5930
Uruguay,URY,1998,2.243370056,6067
Uruguay,URY,2001,2.800960064,6459
Uruguay,URY,2002,2.32220006,7476
Uruguay,URY,2003,2.068209887,6904
Uruguay,URY,2004,2.499540091,7511
Uruguay,URY,2005,2.714750051,7869
Uruguay,URY,2006,2.880259991,8485
,,,,
,,,,
,,,,
,,,,
,,,,
Venezuela,VEN,1974,3.555049896,7728
Venezuela,VEN,1975,4.560989857,7955
Venezuela,VEN,1980,3.881870031,13982
Venezuela,VEN,1981,4.565239906,15344
Venezuela,VEN,1982,4.43170023,15819
Venezuela,VEN,1983,5.212349892,18261
Venezuela,VEN,1984,4.347609997,20121
Venezuela,VEN,1987,4.16008997,29406
Venezuela,VEN,1988,3.741090059,28489
Venezuela,VEN,1990,2.528409958,32787
Viet Nam,VNM,2008,4.886740208,243517
Viet Nam,VNM,2009,4.816500187,224762
Viet Nam,VNM,2010,5.137219906,273301
Viet Nam,VNM,2012,5.533289909,417436
Viet Nam,VNM,2013,5.65199995,406068
Vanuatu,VUT,2003,8.441729546,914
Samoa,WSM,1999,4.016250134,546
Samoa,WSM,2000,3.582930088,406
Zambia,ZMB,1970,4.38781023,243
Zambia,ZMB,1971,6.095349789,136
Zambia,ZMB,1973,5.488070011,284
Zambia,ZMB,1974,4.878009796,1178
Zambia,ZMB,1975,6.238540173,402
Zambia,ZMB,1976,6.026939869,481
Zambia,ZMB,1979,4.154940128,2030
Zambia,ZMB,1981,4.000720024,2088
Zambia,ZMB,1982,5.154870033,934
Zambia,ZMB,1983,5.388020039,2009
Zambia,ZMB,1984,4.9885602,2186
Zambia,ZMB,1986,3.338989973,753
Zimbabwe,ZWE,1981,3.351540089,454
Zimbabwe,ZWE,1983,4.145480156,2444
Zimbabwe,ZWE,1990,12.45425987,14087
Zimbabwe,ZWE,2010,1.833289981,30510
Zimbabwe,ZWE,2012,7.294429779,15911
Zimbabwe,ZWE,2013,7.408170223,13637
